URL,Data
https://oyemovies.shop/movie_detail/926/Galaxy Quest,
https://oyemovies.shop/movie_detail/927/Gremlins,
https://oyemovies.shop/movie_detail/928/Gremlins 2: The New Batch,
https://oyemovies.shop/movie_detail/931/Don't Look Now,
https://oyemovies.shop/movie_detail/934/Rififi,
https://oyemovies.shop/movie_detail/935/Dr. Strangelove or: How I Learned to Stop Worrying and Love the Bomb,
https://oyemovies.shop/movie_detail/936/The Pink Panther,
https://oyemovies.shop/movie_detail/938/For a Few Dollars More,
https://oyemovies.shop/movie_detail/940/The Lady Vanishes,
https://oyemovies.shop/movie_detail/941/Lethal Weapon,
https://oyemovies.shop/movie_detail/942/Lethal Weapon 2,
https://oyemovies.shop/movie_detail/943/Lethal Weapon 3,
https://oyemovies.shop/movie_detail/944/Lethal Weapon 4,
https://oyemovies.shop/movie_detail/946/Letter from an Unknown Woman,
https://oyemovies.shop/movie_detail/947/Lawrence of Arabia,
https://oyemovies.shop/movie_detail/948/Halloween,
https://oyemovies.shop/movie_detail/949/Heat,
https://oyemovies.shop/movie_detail/950/Ice Age: The Meltdown,
https://oyemovies.shop/movie_detail/951/Kindergarten Cop,
https://oyemovies.shop/movie_detail/953/Madagascar,
https://oyemovies.shop/movie_detail/954/Mission: Impossible,
https://oyemovies.shop/movie_detail/955/Mission: Impossible II,
https://oyemovies.shop/movie_detail/956/Mission: Impossible III,
https://oyemovies.shop/movie_detail/957/Spaceballs,
https://oyemovies.shop/movie_detail/961/The General,
https://oyemovies.shop/movie_detail/962/The Gold Rush,
https://oyemovies.shop/movie_detail/963/The Maltese Falcon,
https://oyemovies.shop/movie_detail/964/The Phantom of the Opera,
https://oyemovies.shop/movie_detail/965/The Magnificent Ambersons,
https://oyemovies.shop/movie_detail/966/The Magnificent Seven,
https://oyemovies.shop/movie_detail/967/Spartacus,
https://oyemovies.shop/movie_detail/968/Dog Day Afternoon,
https://oyemovies.shop/movie_detail/975/Paths of Glory,
https://oyemovies.shop/movie_detail/976/Sweet Smell of Success,
https://oyemovies.shop/movie_detail/978/Seven Years in Tibet,
https://oyemovies.shop/movie_detail/979/Irreversible,
https://oyemovies.shop/movie_detail/980/The Ox-Bow Incident,
https://oyemovies.shop/movie_detail/981/The Philadelphia Story,
https://oyemovies.shop/movie_detail/982/The Manchurian Candidate,
https://oyemovies.shop/movie_detail/983/The Man Who Would Be King,
https://oyemovies.shop/movie_detail/984/Dirty Harry,
https://oyemovies.shop/movie_detail/985/Eraserhead,
https://oyemovies.shop/movie_detail/987/The Front Page,
https://oyemovies.shop/movie_detail/988/The China Syndrome,
https://oyemovies.shop/movie_detail/990/The Hustler,
https://oyemovies.shop/movie_detail/991/The Man Who Fell to Earth,
https://oyemovies.shop/movie_detail/992/Sherlock Jr.,
https://oyemovies.shop/movie_detail/993/Sleuth,
https://oyemovies.shop/movie_detail/994/Straw Dogs,
https://oyemovies.shop/movie_detail/995/Stagecoach,
https://oyemovies.shop/movie_detail/996/Double Indemnity,
https://oyemovies.shop/movie_detail/1018/Mulholland Drive,
https://oyemovies.shop/movie_detail/1023/Adam's Apples,
https://oyemovies.shop/movie_detail/1024/Heavenly Creatures,
https://oyemovies.shop/movie_detail/1040/The Leopard,
https://oyemovies.shop/movie_detail/1049/Sommersby,
https://oyemovies.shop/movie_detail/1051/The French Connection,
https://oyemovies.shop/movie_detail/1052/Blow-Up,
https://oyemovies.shop/movie_detail/1058/Breathless,
https://oyemovies.shop/movie_detail/1059/The Hidden Fortress,
https://oyemovies.shop/movie_detail/1073/Arlington Road,
"https://oyemovies.shop/movie_detail/1075/Black Cat, White Cat",
https://oyemovies.shop/movie_detail/1088/Whale Rider,
https://oyemovies.shop/movie_detail/1089/Point Break,
https://oyemovies.shop/movie_detail/1090/The Thirteenth Floor,
https://oyemovies.shop/movie_detail/1091/The Thing,
https://oyemovies.shop/movie_detail/1092/The Third Man,
https://oyemovies.shop/movie_detail/1093/Elevator to the Gallows,
https://oyemovies.shop/movie_detail/1103/Escape from New York,
https://oyemovies.shop/movie_detail/1116/The Wind That Shakes the Barley,
https://oyemovies.shop/movie_detail/1124/The Prestige,
https://oyemovies.shop/movie_detail/1125/Dreamgirls,
https://oyemovies.shop/movie_detail/1162/The Miracle Worker,
https://oyemovies.shop/movie_detail/1164/Babel,
https://oyemovies.shop/movie_detail/1165/The Queen,
https://oyemovies.shop/movie_detail/1213/The Talented Mr. Ripley,
https://oyemovies.shop/movie_detail/1245/The Remains of the Day,
https://oyemovies.shop/movie_detail/1246/Rocky Balboa,
https://oyemovies.shop/movie_detail/1247/The Good Shepherd,
https://oyemovies.shop/movie_detail/1248/Hannibal Rising,
https://oyemovies.shop/movie_detail/1249/Hollywoodland,
https://oyemovies.shop/movie_detail/1251/Letters from Iwo Jima,
https://oyemovies.shop/movie_detail/1252/Lonely Hearts,
"https://oyemovies.shop/movie_detail/1254/Don't Worry, I'm Fine",
https://oyemovies.shop/movie_detail/1255/The Host,
https://oyemovies.shop/movie_detail/1257/Because I Said So,
https://oyemovies.shop/movie_detail/1259/Notes on a Scandal,
https://oyemovies.shop/movie_detail/1262/Stranger Than Fiction,
https://oyemovies.shop/movie_detail/1265/Bridge to Terabithia,
https://oyemovies.shop/movie_detail/1266/Street Kings,
https://oyemovies.shop/movie_detail/1267/Meet the Robinsons,
https://oyemovies.shop/movie_detail/1268/Mr. Bean's Holiday,
https://oyemovies.shop/movie_detail/1271/300,
https://oyemovies.shop/movie_detail/1272/Sunshine,
https://oyemovies.shop/movie_detail/1273/TMNT,
https://oyemovies.shop/movie_detail/1278/The Dreamers,
https://oyemovies.shop/movie_detail/1280/3-Iron,
https://oyemovies.shop/movie_detail/1281/Bean,
"https://oyemovies.shop/movie_detail/1283/Torrente, the Dumb Arm of the Law",
https://oyemovies.shop/movie_detail/1359/American Psycho,
https://oyemovies.shop/movie_detail/1360/Frida,
https://oyemovies.shop/movie_detail/1362/The Hobbit,
https://oyemovies.shop/movie_detail/1364/Sex and Lucía,
https://oyemovies.shop/movie_detail/1365/Monster's Ball,
https://oyemovies.shop/movie_detail/1366/Rocky,
https://oyemovies.shop/movie_detail/1367/Rocky II,
https://oyemovies.shop/movie_detail/1368/First Blood,
https://oyemovies.shop/movie_detail/1369/Rambo: First Blood Part II,
https://oyemovies.shop/movie_detail/1370/Rambo III,
https://oyemovies.shop/movie_detail/1371/Rocky III,
https://oyemovies.shop/movie_detail/1372/Blood Diamond,
https://oyemovies.shop/movie_detail/1374/Rocky IV,
https://oyemovies.shop/movie_detail/1375/Rocky V,
https://oyemovies.shop/movie_detail/1378/Shortbus,
https://oyemovies.shop/movie_detail/1381/The Fountain,
https://oyemovies.shop/movie_detail/1382/Me and You and Everyone We Know,
https://oyemovies.shop/movie_detail/1389/Out of Sight,
https://oyemovies.shop/movie_detail/1391/Y Tu Mamá También,
https://oyemovies.shop/movie_detail/1394/Nostalgia,
https://oyemovies.shop/movie_detail/1396/Mirror,
https://oyemovies.shop/movie_detail/1398/Stalker,
https://oyemovies.shop/movie_detail/1402/The Pursuit of Happyness,
https://oyemovies.shop/movie_detail/1406/City Slickers,
https://oyemovies.shop/movie_detail/1407/La Vie en Rose,
https://oyemovies.shop/movie_detail/1408/Cutthroat Island,
https://oyemovies.shop/movie_detail/1410/Dark Star,
"https://oyemovies.shop/movie_detail/1412/sex, lies, and videotape",
https://oyemovies.shop/movie_detail/1414/Lovers of the Arctic Circle,
https://oyemovies.shop/movie_detail/1417/Pan's Labyrinth,
https://oyemovies.shop/movie_detail/1420/Breakfast on Pluto,
https://oyemovies.shop/movie_detail/1422/The Departed,
https://oyemovies.shop/movie_detail/1427/Perfume: The Story of a Murderer,
https://oyemovies.shop/movie_detail/1428/Once Upon a Time in Mexico,
https://oyemovies.shop/movie_detail/1429/25th Hour,
https://oyemovies.shop/movie_detail/1433/The Devil's Backbone,
https://oyemovies.shop/movie_detail/1439/Anna and the King,
https://oyemovies.shop/movie_detail/1440/Little Children,
https://oyemovies.shop/movie_detail/1441/The Contract,
https://oyemovies.shop/movie_detail/1443/The Virgin Suicides,
https://oyemovies.shop/movie_detail/1450/Blood: The Last Vampire,
https://oyemovies.shop/movie_detail/1452/Superman Returns,
https://oyemovies.shop/movie_detail/1480/Touch of Evil,
https://oyemovies.shop/movie_detail/1483/Begotten,
https://oyemovies.shop/movie_detail/1485/Get Carter,
https://oyemovies.shop/movie_detail/1487/Hellboy,
https://oyemovies.shop/movie_detail/1491/The Illusionist,
https://oyemovies.shop/movie_detail/1492/1492: Conquest of Paradise,
https://oyemovies.shop/movie_detail/1493/Miss Congeniality,
https://oyemovies.shop/movie_detail/1494/Curse of the Golden Flower,
https://oyemovies.shop/movie_detail/1495/Kingdom of Heaven,
https://oyemovies.shop/movie_detail/1497/Teenage Mutant Ninja Turtles II: The Secret of the Ooze,
https://oyemovies.shop/movie_detail/1498/Teenage Mutant Ninja Turtles,
https://oyemovies.shop/movie_detail/1523/The Last King of Scotland,
https://oyemovies.shop/movie_detail/1534/Pathfinder,
https://oyemovies.shop/movie_detail/1535/Spy Game,
https://oyemovies.shop/movie_detail/1537/Changing Lanes,
https://oyemovies.shop/movie_detail/1538/Collateral,
https://oyemovies.shop/movie_detail/1541/Thelma & Louise,
https://oyemovies.shop/movie_detail/1542/Office Space,
https://oyemovies.shop/movie_detail/1544/Imagine Me & You,
https://oyemovies.shop/movie_detail/1547/The Lost Boys,
https://oyemovies.shop/movie_detail/1548/Ghost World,
https://oyemovies.shop/movie_detail/1551/Flatliners,
https://oyemovies.shop/movie_detail/1552/Parenthood,
https://oyemovies.shop/movie_detail/1553/The Beat That My Heart Skipped,
https://oyemovies.shop/movie_detail/1554/Down by Law,
https://oyemovies.shop/movie_detail/1555/The Spanish Apartment,
https://oyemovies.shop/movie_detail/1561/Mouchette,
https://oyemovies.shop/movie_detail/1562/28 Weeks Later,
https://oyemovies.shop/movie_detail/1567/I Stand Alone,
https://oyemovies.shop/movie_detail/1571/Live Free or Die Hard,
https://oyemovies.shop/movie_detail/1572/Die Hard: With a Vengeance,
https://oyemovies.shop/movie_detail/1573/Die Hard 2,
https://oyemovies.shop/movie_detail/1574/Chicago,
https://oyemovies.shop/movie_detail/1576/Resident Evil,
https://oyemovies.shop/movie_detail/1577/Resident Evil: Apocalypse,
https://oyemovies.shop/movie_detail/1578/Raging Bull,
https://oyemovies.shop/movie_detail/1579/Apocalypto,
https://oyemovies.shop/movie_detail/1580/Rope,
https://oyemovies.shop/movie_detail/1581/The Holiday,
https://oyemovies.shop/movie_detail/1584/School of Rock,
https://oyemovies.shop/movie_detail/1585/It's a Wonderful Life,
https://oyemovies.shop/movie_detail/1586/Secret Window,
https://oyemovies.shop/movie_detail/1587/What's Eating Gilbert Grape,
https://oyemovies.shop/movie_detail/1588/Bring It On,
https://oyemovies.shop/movie_detail/1592/Primal Fear,
https://oyemovies.shop/movie_detail/1593/Night at the Museum,
https://oyemovies.shop/movie_detail/1594/A Shot in the Dark,
https://oyemovies.shop/movie_detail/1596/Population 436,
https://oyemovies.shop/movie_detail/1597/Meet the Parents,
https://oyemovies.shop/movie_detail/1598/Cape Fear,
https://oyemovies.shop/movie_detail/1599/I ♥ Huckabees,
https://oyemovies.shop/movie_detail/1600/The Double Life of Véronique,
https://oyemovies.shop/movie_detail/1607/A Bronx Tale,
https://oyemovies.shop/movie_detail/1610/Fever Pitch,
https://oyemovies.shop/movie_detail/1613/The 51st State,
https://oyemovies.shop/movie_detail/1619/The Way of the Gun,
https://oyemovies.shop/movie_detail/1620/Hitman,
https://oyemovies.shop/movie_detail/1621/Trading Places,
https://oyemovies.shop/movie_detail/1623/Brubaker,
https://oyemovies.shop/movie_detail/1624/Liar Liar,
https://oyemovies.shop/movie_detail/1626/Vivre Sa Vie,
https://oyemovies.shop/movie_detail/1627/The Wild Child,
https://oyemovies.shop/movie_detail/1628/Jules and Jim,
https://oyemovies.shop/movie_detail/1630/The People vs. Larry Flynt,
https://oyemovies.shop/movie_detail/1632/Mississippi Burning,
https://oyemovies.shop/movie_detail/1633/Fried Green Tomatoes,
https://oyemovies.shop/movie_detail/1634/Free Willy,
https://oyemovies.shop/movie_detail/1635/The Island,
https://oyemovies.shop/movie_detail/1636/Bedazzled,
https://oyemovies.shop/movie_detail/1637/Speed,
https://oyemovies.shop/movie_detail/1640/Crash,
https://oyemovies.shop/movie_detail/1642/The Net,
https://oyemovies.shop/movie_detail/1643/Last Tango in Paris,
https://oyemovies.shop/movie_detail/1644/The Vanishing,
https://oyemovies.shop/movie_detail/1645/A Time to Kill,
https://oyemovies.shop/movie_detail/1646/Freedom Writers,
https://oyemovies.shop/movie_detail/1647/The Recruit,
https://oyemovies.shop/movie_detail/1648/Bill & Ted's Excellent Adventure,
https://oyemovies.shop/movie_detail/1649/Bill & Ted's Bogus Journey,
https://oyemovies.shop/movie_detail/1653/The Motorcycle Diaries,
https://oyemovies.shop/movie_detail/1654/The Dirty Dozen,
https://oyemovies.shop/movie_detail/1656/The Legend of Zorro,
https://oyemovies.shop/movie_detail/1662/State of Grace,
https://oyemovies.shop/movie_detail/1669/The Hunt for Red October,
https://oyemovies.shop/movie_detail/1672/The Professional,
https://oyemovies.shop/movie_detail/1675/Day for Night,
https://oyemovies.shop/movie_detail/1677/Ray,
https://oyemovies.shop/movie_detail/1678/Godzilla,
https://oyemovies.shop/movie_detail/1679/Godzilla Raids Again,
https://oyemovies.shop/movie_detail/1680/King Kong vs. Godzilla,
https://oyemovies.shop/movie_detail/1682/Mothra vs. Godzilla,
https://oyemovies.shop/movie_detail/1683/The Reaping,
https://oyemovies.shop/movie_detail/1685/Beneath the Planet of the Apes,
https://oyemovies.shop/movie_detail/1687/Escape from the Planet of the Apes,
https://oyemovies.shop/movie_detail/1688/Conquest of the Planet of the Apes,
https://oyemovies.shop/movie_detail/1689/Little Buddha,
https://oyemovies.shop/movie_detail/1690/Hostel,
https://oyemovies.shop/movie_detail/1691/Hostel: Part II,
https://oyemovies.shop/movie_detail/1694/Re-Animator,
https://oyemovies.shop/movie_detail/1696/The Devil's Rejects,
https://oyemovies.shop/movie_detail/1698/Anatomy,
https://oyemovies.shop/movie_detail/1700/Misery,
https://oyemovies.shop/movie_detail/1701/Con Air,
https://oyemovies.shop/movie_detail/1705/Battle for the Planet of the Apes,
https://oyemovies.shop/movie_detail/1710/Copycat,
https://oyemovies.shop/movie_detail/1712/Giant,
https://oyemovies.shop/movie_detail/1713/Jungle Fever,
https://oyemovies.shop/movie_detail/1714/Fahrenheit 451,
https://oyemovies.shop/movie_detail/1715/The Cider House Rules,
https://oyemovies.shop/movie_detail/1716/The Last Metro,
https://oyemovies.shop/movie_detail/1717/All the King's Men,
https://oyemovies.shop/movie_detail/1721/All the Way Boys,
https://oyemovies.shop/movie_detail/1722/Captain Corelli's Mandolin,
https://oyemovies.shop/movie_detail/1724/The Incredible Hulk,
https://oyemovies.shop/movie_detail/1725/West Side Story,
https://oyemovies.shop/movie_detail/1726/Iron Man,
https://oyemovies.shop/movie_detail/1727/Bird on a Wire,
https://oyemovies.shop/movie_detail/1729/The Forbidden Kingdom,
https://oyemovies.shop/movie_detail/1730/Inland Empire,
https://oyemovies.shop/movie_detail/1734/The Mummy Returns,
https://oyemovies.shop/movie_detail/1738/Next,
https://oyemovies.shop/movie_detail/1770/Michael Collins,
https://oyemovies.shop/movie_detail/1771/Captain America: The First Avenger,
https://oyemovies.shop/movie_detail/1786/Au Revoir les Enfants,
https://oyemovies.shop/movie_detail/1788/Footloose,
https://oyemovies.shop/movie_detail/1791/The Piano Teacher,
https://oyemovies.shop/movie_detail/1802/La Ceremonie,
https://oyemovies.shop/movie_detail/1807/Elephant,
https://oyemovies.shop/movie_detail/1808/Velvet Goldmine,
https://oyemovies.shop/movie_detail/1809/The Rules of Attraction,
https://oyemovies.shop/movie_detail/1813/The Devil's Advocate,
https://oyemovies.shop/movie_detail/1817/Phone Booth,
https://oyemovies.shop/movie_detail/1818/Shoot the Piano Player,
https://oyemovies.shop/movie_detail/1824/50 First Dates,
https://oyemovies.shop/movie_detail/1825/Over the Top,
https://oyemovies.shop/movie_detail/1826/Russian Dolls,
https://oyemovies.shop/movie_detail/1830/Lord of War,
https://oyemovies.shop/movie_detail/1832/Dogma,
https://oyemovies.shop/movie_detail/1833/Rent,
https://oyemovies.shop/movie_detail/1844/Entrapment,
https://oyemovies.shop/movie_detail/1845/2 Days in Paris,
https://oyemovies.shop/movie_detail/1847/The Long Goodbye,
https://oyemovies.shop/movie_detail/1850/Man on the Moon,
https://oyemovies.shop/movie_detail/1852/World Trade Center,
https://oyemovies.shop/movie_detail/1857/The Transformers: The Movie,
https://oyemovies.shop/movie_detail/1858/Transformers,
https://oyemovies.shop/movie_detail/1859/Ninotchka,
https://oyemovies.shop/movie_detail/1865/Pirates of the Caribbean: On Stranger Tides,
https://oyemovies.shop/movie_detail/1870/Fantomas Unleashed,
https://oyemovies.shop/movie_detail/1871/Fantomas,
https://oyemovies.shop/movie_detail/1875/Fantomas vs. Scotland Yard,
https://oyemovies.shop/movie_detail/1878/Fear and Loathing in Las Vegas,
https://oyemovies.shop/movie_detail/1879/Guess Who's Coming to Dinner,
https://oyemovies.shop/movie_detail/1880/Red Dawn,
https://oyemovies.shop/movie_detail/1883/Malcolm X,
https://oyemovies.shop/movie_detail/1884/The Ewok Adventure,
https://oyemovies.shop/movie_detail/1885/The Karate Kid,
https://oyemovies.shop/movie_detail/1887/Marie Antoinette,
https://oyemovies.shop/movie_detail/1888/The Fortune Cookie,
https://oyemovies.shop/movie_detail/1890/Children of a Lesser God,
https://oyemovies.shop/movie_detail/1891/The Empire Strikes Back,
https://oyemovies.shop/movie_detail/1892/Return of the Jedi,
https://oyemovies.shop/movie_detail/1893/Star Wars: Episode I - The Phantom Menace,
https://oyemovies.shop/movie_detail/1894/Star Wars: Episode II - Attack of the Clones,
https://oyemovies.shop/movie_detail/1895/Star Wars: Episode III - Revenge of the Sith,
https://oyemovies.shop/movie_detail/1900/Traffic,
https://oyemovies.shop/movie_detail/1901/In Good Company,
https://oyemovies.shop/movie_detail/1902/Open Your Eyes,
https://oyemovies.shop/movie_detail/1903/Vanilla Sky,
https://oyemovies.shop/movie_detail/1904/Memoirs of a Geisha,
https://oyemovies.shop/movie_detail/1907/The Beach,
https://oyemovies.shop/movie_detail/1908/Inherit the Wind,
https://oyemovies.shop/movie_detail/1909/Don Juan DeMarco,
https://oyemovies.shop/movie_detail/1911/The 13th Warrior,
https://oyemovies.shop/movie_detail/1913/The Sea Inside,
https://oyemovies.shop/movie_detail/1921/Sweet November,
https://oyemovies.shop/movie_detail/1923/Twin Peaks: Fire Walk with Me,
https://oyemovies.shop/movie_detail/1924/Superman,
https://oyemovies.shop/movie_detail/1930/The Amazing Spider-Man,
https://oyemovies.shop/movie_detail/1931/Stomp the Yard,
https://oyemovies.shop/movie_detail/1933/The Others,
https://oyemovies.shop/movie_detail/1934/Shakespeare in Love,
https://oyemovies.shop/movie_detail/1936/River of No Return,
https://oyemovies.shop/movie_detail/1939/Laura,
https://oyemovies.shop/movie_detail/1945/Nell,
https://oyemovies.shop/movie_detail/1946/eXistenZ,
https://oyemovies.shop/movie_detail/1947/An Unfinished Life,
https://oyemovies.shop/movie_detail/1948/Crank,
https://oyemovies.shop/movie_detail/1949/Zodiac,
https://oyemovies.shop/movie_detail/1951/Manderlay,
https://oyemovies.shop/movie_detail/1954/The Butterfly Effect,
https://oyemovies.shop/movie_detail/1955/The Elephant Man,
https://oyemovies.shop/movie_detail/1956/Gerry,
https://oyemovies.shop/movie_detail/1957/Enough,
https://oyemovies.shop/movie_detail/1958/8 Women,
https://oyemovies.shop/movie_detail/1961/My Name Is Bruce,
https://oyemovies.shop/movie_detail/1965/A Perfect Murder,
https://oyemovies.shop/movie_detail/1966/Alexander,
https://oyemovies.shop/movie_detail/1968/Fools Rush In,
https://oyemovies.shop/movie_detail/1969/Bandidas,
https://oyemovies.shop/movie_detail/1970/The Grudge,
https://oyemovies.shop/movie_detail/1978/Stage Fright,
https://oyemovies.shop/movie_detail/1985/The Constant Gardener,
https://oyemovies.shop/movie_detail/1987/Benny's Video,
https://oyemovies.shop/movie_detail/1988/A Mighty Heart,
https://oyemovies.shop/movie_detail/1989/My Blueberry Nights,
https://oyemovies.shop/movie_detail/1990/Paranoid Park,
https://oyemovies.shop/movie_detail/1991/Death Proof,
https://oyemovies.shop/movie_detail/1992/Planet Terror,
https://oyemovies.shop/movie_detail/1994/The Most Dangerous Game,
https://oyemovies.shop/movie_detail/1995/Lara Croft: Tomb Raider,
https://oyemovies.shop/movie_detail/1996/Lara Croft: Tomb Raider - The Cradle of Life,
https://oyemovies.shop/movie_detail/1997/Two Brothers,
https://oyemovies.shop/movie_detail/1999/In the Bedroom,
"https://oyemovies.shop/movie_detail/2000/Aguirre, the Wrath of God",
https://oyemovies.shop/movie_detail/2001/We Own the Night,
https://oyemovies.shop/movie_detail/2005/Sister Act,
https://oyemovies.shop/movie_detail/2007/Lorenzo's Oil,
"https://oyemovies.shop/movie_detail/2009/4 Months, 3 Weeks and 2 Days",
https://oyemovies.shop/movie_detail/2011/Persepolis,
https://oyemovies.shop/movie_detail/2013/The Diving Bell and the Butterfly,
https://oyemovies.shop/movie_detail/2014/The Edge of Heaven,
https://oyemovies.shop/movie_detail/2016/Days of Glory,
https://oyemovies.shop/movie_detail/2018/The Wedding Planner,
https://oyemovies.shop/movie_detail/2019/Hard Target,
https://oyemovies.shop/movie_detail/2022/Mr. Deeds,
https://oyemovies.shop/movie_detail/2023/Hidalgo,
https://oyemovies.shop/movie_detail/2024/The Patriot,
https://oyemovies.shop/movie_detail/2026/Hostage,
https://oyemovies.shop/movie_detail/2028/Say Anything...,
https://oyemovies.shop/movie_detail/2029/Tanguy,
https://oyemovies.shop/movie_detail/2034/Training Day,
https://oyemovies.shop/movie_detail/2039/Moonstruck,
https://oyemovies.shop/movie_detail/2043/Along Came a Spider,
https://oyemovies.shop/movie_detail/2044/The Lake House,
https://oyemovies.shop/movie_detail/2046/The Gift,
https://oyemovies.shop/movie_detail/2047/The Real McCoy,
"https://oyemovies.shop/movie_detail/2048/I, Robot",
https://oyemovies.shop/movie_detail/2054/Mr. Holland's Opus,
https://oyemovies.shop/movie_detail/2055/Open Range,
https://oyemovies.shop/movie_detail/2056/The Station Agent,
https://oyemovies.shop/movie_detail/2057/Original Sin,
https://oyemovies.shop/movie_detail/2058/Addicted to Love,
https://oyemovies.shop/movie_detail/2059/National Treasure,
https://oyemovies.shop/movie_detail/2061/Pusher,
https://oyemovies.shop/movie_detail/2062/Ratatouille,
https://oyemovies.shop/movie_detail/2064/While You Were Sleeping,
https://oyemovies.shop/movie_detail/2067/Mission to Mars,
https://oyemovies.shop/movie_detail/2069/The Whole Nine Yards,
https://oyemovies.shop/movie_detail/2074/Flirting with Disaster,
https://oyemovies.shop/movie_detail/2075/Prizzi's Honor,
https://oyemovies.shop/movie_detail/2080/X-Men Origins: Wolverine,
https://oyemovies.shop/movie_detail/2082/Halloween,
https://oyemovies.shop/movie_detail/2084/Birthday Girl,
https://oyemovies.shop/movie_detail/2085/Romeo Must Die,
https://oyemovies.shop/movie_detail/2086/Nick of Time,
https://oyemovies.shop/movie_detail/2087/The Getaway,
https://oyemovies.shop/movie_detail/2099/Raw Deal,
https://oyemovies.shop/movie_detail/2100/The Last Castle,
https://oyemovies.shop/movie_detail/2103/Solaris,
https://oyemovies.shop/movie_detail/2105/American Pie,
https://oyemovies.shop/movie_detail/2107/L.A. Story,
https://oyemovies.shop/movie_detail/2108/The Breakfast Club,
https://oyemovies.shop/movie_detail/2109/Rush Hour,
https://oyemovies.shop/movie_detail/2110/Wasabi,
https://oyemovies.shop/movie_detail/2112/Payback,
https://oyemovies.shop/movie_detail/2114/Final Fantasy: The Spirits Within,
https://oyemovies.shop/movie_detail/2116/Out of Time,
https://oyemovies.shop/movie_detail/2117/Sophie Scholl: The Final Days,
https://oyemovies.shop/movie_detail/2118/L.A. Confidential,
https://oyemovies.shop/movie_detail/2119/Days of Thunder,
https://oyemovies.shop/movie_detail/2122/The Whole Ten Yards,
"https://oyemovies.shop/movie_detail/2123/Me, Myself & Irene",
https://oyemovies.shop/movie_detail/2124/Color of Night,
https://oyemovies.shop/movie_detail/2133/The Perfect Storm,
https://oyemovies.shop/movie_detail/2134/The Time Machine,
https://oyemovies.shop/movie_detail/2135/The Time Machine,
https://oyemovies.shop/movie_detail/2140/Kiss of the Dragon,
https://oyemovies.shop/movie_detail/2142/Cop Land,
https://oyemovies.shop/movie_detail/2144/One Night at McCool's,
https://oyemovies.shop/movie_detail/2148/The Cotton Club,
https://oyemovies.shop/movie_detail/2153/The Driver,
https://oyemovies.shop/movie_detail/2155/Reindeer Games,
https://oyemovies.shop/movie_detail/2161/Fantastic Voyage,
https://oyemovies.shop/movie_detail/2163/Breakdown,
https://oyemovies.shop/movie_detail/2164/Stargate,
https://oyemovies.shop/movie_detail/2171/Wet Hot American Summer,
https://oyemovies.shop/movie_detail/2176/The Glass House,
https://oyemovies.shop/movie_detail/2179/Tenacious D in The Pick of Destiny,
https://oyemovies.shop/movie_detail/2185/Big Trouble,
https://oyemovies.shop/movie_detail/2196/Death at a Funeral,
https://oyemovies.shop/movie_detail/2204/Alice in the Cities,
https://oyemovies.shop/movie_detail/2207/16 Blocks,
https://oyemovies.shop/movie_detail/2210/Earth Girls Are Easy,
https://oyemovies.shop/movie_detail/2212/Nightwatch,
https://oyemovies.shop/movie_detail/2246/Malice,
https://oyemovies.shop/movie_detail/2251/Unfaithful,
https://oyemovies.shop/movie_detail/2252/Eastern Promises,
https://oyemovies.shop/movie_detail/2253/Valkyrie,
https://oyemovies.shop/movie_detail/2255/Chasing Amy,
https://oyemovies.shop/movie_detail/2259/The House of the Spirits,
https://oyemovies.shop/movie_detail/2266/Paris Je T'aime,
https://oyemovies.shop/movie_detail/2267/The Last Mimzy,
https://oyemovies.shop/movie_detail/2268/The Golden Compass,
https://oyemovies.shop/movie_detail/2269/Day Watch,
https://oyemovies.shop/movie_detail/2270/Stardust,
https://oyemovies.shop/movie_detail/2275/The General's Daughter,
https://oyemovies.shop/movie_detail/2277/Bicentennial Man,
https://oyemovies.shop/movie_detail/2280/Big,
https://oyemovies.shop/movie_detail/2284/Mr. Magorium's Wonder Emporium,
https://oyemovies.shop/movie_detail/2288/Closer,
https://oyemovies.shop/movie_detail/2289/Cold Mountain,
https://oyemovies.shop/movie_detail/2290/Jakob the Liar,
https://oyemovies.shop/movie_detail/2291/Jacob's Ladder,
https://oyemovies.shop/movie_detail/2292/Clerks,
https://oyemovies.shop/movie_detail/2293/Mallrats,
https://oyemovies.shop/movie_detail/2294/Jay and Silent Bob Strike Back,
https://oyemovies.shop/movie_detail/2295/Clerks II,
https://oyemovies.shop/movie_detail/2300/Space Jam,
https://oyemovies.shop/movie_detail/2309/Inkheart,
https://oyemovies.shop/movie_detail/2310/Beowulf,
https://oyemovies.shop/movie_detail/2313/Prime,
https://oyemovies.shop/movie_detail/2320/Executive Decision,
https://oyemovies.shop/movie_detail/2321/Married to the Mob,
https://oyemovies.shop/movie_detail/2322/Sneakers,
https://oyemovies.shop/movie_detail/2323/Field of Dreams,
https://oyemovies.shop/movie_detail/2330/Taxi,
https://oyemovies.shop/movie_detail/2332/Taxi 2,
https://oyemovies.shop/movie_detail/2334/Taxi 3,
https://oyemovies.shop/movie_detail/2355/Reign Over Me,
https://oyemovies.shop/movie_detail/2357/10 Items or Less,
https://oyemovies.shop/movie_detail/2360/Saving Grace,
https://oyemovies.shop/movie_detail/2362/Westworld,
https://oyemovies.shop/movie_detail/2370/Topaz,
https://oyemovies.shop/movie_detail/2383/The Bear,
https://oyemovies.shop/movie_detail/2433/The Young Girls of Rochefort,
https://oyemovies.shop/movie_detail/2440/Joint Security Area,
https://oyemovies.shop/movie_detail/2453/Harley Davidson and the Marlboro Man,
https://oyemovies.shop/movie_detail/2454/The Chronicles of Narnia: Prince Caspian,
https://oyemovies.shop/movie_detail/2457/Children of Paradise,
https://oyemovies.shop/movie_detail/2462/Hibernatus,
https://oyemovies.shop/movie_detail/2469/Tie Me Up! Tie Me Down!,
https://oyemovies.shop/movie_detail/2487/Lady Snowblood,
https://oyemovies.shop/movie_detail/2493/The Princess Bride,
https://oyemovies.shop/movie_detail/2501/The Bourne Identity,
https://oyemovies.shop/movie_detail/2502/The Bourne Supremacy,
https://oyemovies.shop/movie_detail/2503/The Bourne Ultimatum,
https://oyemovies.shop/movie_detail/2517/Nobody Knows,
https://oyemovies.shop/movie_detail/2525/The Bible: In the Beginning...,
https://oyemovies.shop/movie_detail/2539/Spanglish,
https://oyemovies.shop/movie_detail/2565/Joe Versus the Volcano,
https://oyemovies.shop/movie_detail/2567/The Aviator,
https://oyemovies.shop/movie_detail/2575/The Tailor of Panama,
https://oyemovies.shop/movie_detail/2576/The Diary of Anne Frank,
https://oyemovies.shop/movie_detail/2577/Code 46,
https://oyemovies.shop/movie_detail/2604/Born on the Fourth of July,
https://oyemovies.shop/movie_detail/2605/Short Circuit,
"https://oyemovies.shop/movie_detail/2609/Planes, Trains and Automobiles",
https://oyemovies.shop/movie_detail/2610/Shopgirl,
https://oyemovies.shop/movie_detail/2614/Innerspace,
https://oyemovies.shop/movie_detail/2616/Uncle Buck,
https://oyemovies.shop/movie_detail/2617/The Great Outdoors,
https://oyemovies.shop/movie_detail/2619/Splash,
https://oyemovies.shop/movie_detail/2621/Return to Me,
https://oyemovies.shop/movie_detail/2623/An Officer and a Gentleman,
https://oyemovies.shop/movie_detail/2636/The Specialist,
https://oyemovies.shop/movie_detail/2637/The Mothman Prophecies,
https://oyemovies.shop/movie_detail/2639/Deconstructing Harry,
https://oyemovies.shop/movie_detail/2640/Heathers,
https://oyemovies.shop/movie_detail/2642/Two Weeks Notice,
https://oyemovies.shop/movie_detail/2649/The Game,
https://oyemovies.shop/movie_detail/2652/Hard Candy,
https://oyemovies.shop/movie_detail/2654/In the Mouth of Madness,
https://oyemovies.shop/movie_detail/2655/What Lies Beneath,
https://oyemovies.shop/movie_detail/2657/Pleasantville,
https://oyemovies.shop/movie_detail/2661/Batman,
https://oyemovies.shop/movie_detail/2662/House of 1000 Corpses,
https://oyemovies.shop/movie_detail/2665/Airplane II: The Sequel,
https://oyemovies.shop/movie_detail/2666/Dark City,
https://oyemovies.shop/movie_detail/2667/The Blair Witch Project,
https://oyemovies.shop/movie_detail/2668/Sleepy Hollow,
https://oyemovies.shop/movie_detail/2669/The Bounty,
https://oyemovies.shop/movie_detail/2671/Ring,
https://oyemovies.shop/movie_detail/2675/Signs,
https://oyemovies.shop/movie_detail/2687/Memoirs of an Invisible Man,
https://oyemovies.shop/movie_detail/2690/Irma la Douce,
https://oyemovies.shop/movie_detail/2721/Z,
https://oyemovies.shop/movie_detail/2742/Naked Lunch,
https://oyemovies.shop/movie_detail/2748/Journey to Italy,
https://oyemovies.shop/movie_detail/2749/15 Minutes,
https://oyemovies.shop/movie_detail/2750/24 Hour Party People,
https://oyemovies.shop/movie_detail/2755/About Schmidt,
https://oyemovies.shop/movie_detail/2756/The Abyss,
https://oyemovies.shop/movie_detail/2757/Adaptation.,
https://oyemovies.shop/movie_detail/2758/Addams Family Values,
"https://oyemovies.shop/movie_detail/2759/The Adventures of Priscilla, Queen of the Desert",
https://oyemovies.shop/movie_detail/2760/The Lodger: A Story of the London Fog,
https://oyemovies.shop/movie_detail/2767/The Lovers on the Bridge,
https://oyemovies.shop/movie_detail/2768/American Gigolo,
https://oyemovies.shop/movie_detail/2769/An American in Paris,
https://oyemovies.shop/movie_detail/2770/American Pie 2,
https://oyemovies.shop/movie_detail/2771/American Splendor,
https://oyemovies.shop/movie_detail/2779/The Curse of the Jade Scorpion,
https://oyemovies.shop/movie_detail/2786/Pierrot le Fou,
https://oyemovies.shop/movie_detail/2787/Pitch Black,
https://oyemovies.shop/movie_detail/2788/Reality Bites,
https://oyemovies.shop/movie_detail/2789/The Chronicles of Riddick,
https://oyemovies.shop/movie_detail/2791/The Chronicles of Riddick: Dark Fury,
https://oyemovies.shop/movie_detail/2798/Oscar,
https://oyemovies.shop/movie_detail/2800/Rumor Has It...,
https://oyemovies.shop/movie_detail/2832/Identity,
https://oyemovies.shop/movie_detail/2841/A Very Long Engagement,
https://oyemovies.shop/movie_detail/2860/Claire's Knee,
https://oyemovies.shop/movie_detail/2882/Hunting and Gathering,
https://oyemovies.shop/movie_detail/2897/Around the World in Eighty Days,
https://oyemovies.shop/movie_detail/2898/As Good as It Gets,
https://oyemovies.shop/movie_detail/2899/Asterix & Obelix: Mission Cleopatra,
https://oyemovies.shop/movie_detail/2907/The Addams Family,
https://oyemovies.shop/movie_detail/2912/The Butcher,
https://oyemovies.shop/movie_detail/2924/Backdraft,
https://oyemovies.shop/movie_detail/2925/The First Wives Club,
https://oyemovies.shop/movie_detail/2926/The Three Musketeers,
https://oyemovies.shop/movie_detail/2928/Michael,
https://oyemovies.shop/movie_detail/2959/License to Wed,
https://oyemovies.shop/movie_detail/2976/Hairspray,
https://oyemovies.shop/movie_detail/2977/Becoming Jane,
https://oyemovies.shop/movie_detail/2978/Ghostbusters II,
https://oyemovies.shop/movie_detail/2990/Pacific Heights,
https://oyemovies.shop/movie_detail/2998/Zabriskie Point,
https://oyemovies.shop/movie_detail/3001/How to Steal a Million,
https://oyemovies.shop/movie_detail/3009/The Trial,
https://oyemovies.shop/movie_detail/3019/Dr. Jekyll and Mr. Hyde,
https://oyemovies.shop/movie_detail/3021/1408,
https://oyemovies.shop/movie_detail/3033/Gods and Monsters,
https://oyemovies.shop/movie_detail/3034/Young Frankenstein,
https://oyemovies.shop/movie_detail/3035/Frankenstein,
https://oyemovies.shop/movie_detail/3036/Mary Shelley's Frankenstein,
https://oyemovies.shop/movie_detail/3040/Night Watch,
